id_invoice,id_customer,id_distributor,id_barang,id_bulan,bulan,tanggal,nama,cabang,grup,nama_barang,brand,jumlah_barang,harga,total_harga
IN5978,CUST55670,TA,BRG0001,5,May,2022-05-25,APOTEK SINAR JAYA,Bekasi,Apotek,ACYCLOVIR DUS,OGB & PH,9,96000,864000
IN5979,CUST55598,TA,BRG0009,3,March,2022-03-28,APOTEK MAJA,Kuningan,Apotek,AMBROXOL HC,VNS,18,31000,558000
IN5980,CUST55432,EPM,BRG0003,1,January,2022-01-23,APOTEK TAPAK,Aceh,Apotek,AMPICILLIN,MARCKS,20,17000,340000
IN5981,CUST55443,TA,BRG0004,1,January,2022-01-28,APOTEK MERDEKA,Bandung,Apotek,TRAMADOL KAPSUL 50 MG,VNS,76,24500,1862000
IN5982,CUST55535,TA,BRG0006,1,January,2022-01-30,APOTEK SINAR JAYA,Bekasi,Apotek,KETOCONAZOLE TABLET 200 MG,OGB & PH,5,39000,195000
IN5983,CUST55622,TA,BRG0003,4,April,2022-04-21,KLINIK GM,Jakarta,Klinik,AMPICILLIN,MARCKS,67,17000,1139000
IN5984,CUST55714,TD,BRG0005,5,May,2022-05-01,KLINIK SAHABAT,Tangerang,Klinik,KLORPROMAZINA TABLET SALUT SELAPUT 100 MG,SLCYL,8,47000,376000
IN5985,CUST55640,TA,BRG0001,4,April,2022-04-18,APOTEK SINAR JAYA,Bekasi,Apotek,ACYCLOVIR DUS,OGB & PH,22,96000,2112000
IN5986,CUST55557,TA,BRG0002,2,February,2022-02-15,APOTEK SINAR JAYA,Bekasi,Apotek,ALERGINE TABLET SALUT,ETIKAL,9,112000,1008000
IN5987,CUST55659,TA,BRG0010,4,April,2022-04-19,KLINIK GM,Jakarta,Klinik,PARACETAMOL,SLCYL,14,21000,294000
IN5988,CUST55551,EPM,BRG0002,2,February,2022-02-09,APOTEK SAHABAT,Padang,Apotek,ALERGINE TABLET SALUT,ETIKAL,10,112000,1120000
IN5989,CUST55719,TA,BRG0010,5,May,2022-05-01,KLINIK GM,Jakarta,Klinik,PARACETAMOL,SLCYL,67,21000,1407000
IN5990,CUST55706,TD,BRG0001,5,May,2022-05-03,KLINIK SAHABAT,Tangerang,Klinik,ACYCLOVIR DUS,OGB & PH,10,96000,960000
IN5991,CUST55414,TD,BRG0005,1,January,2022-01-23,KLINIK SAHABAT,Tangerang,Klinik,KLORPROMAZINA TABLET SALUT SELAPUT 100 MG,SLCYL,24,47000,1128000
IN5992,CUST55707,TA,BRG0002,6,June,2022-06-16,APOTEK SINAR JAYA,Bekasi,Apotek,ALERGINE TABLET SALUT,ETIKAL,23,112000,2576000
IN5993,CUST55671,EPM,BRG0002,5,May,2022-05-26,APOTEK SAHABAT,Padang,Apotek,ALERGINE TABLET SALUT,ETIKAL,1,112000,112000
IN5994,CUST55411,TA,BRG0002,2,February,2022-02-01,APOTEK MAJA,Kuningan,Apotek,ALERGINE TABLET SALUT,ETIKAL,12,112000,1344000
IN5995,CUST55607,TA,BRG0008,4,April,2022-04-06,KLINIK GM,Jakarta,Klinik,TETRACYCLINE KAPSUL 250 MG,MARCKS,14,9800,137200
IN5996,CUST55656,EPM,BRG0007,5,May,2022-05-25,APOTEK SAHABAT,Padang,Apotek,ERGOTAMINE COFFEINE,ETIKAL,22,64700,1423400
IN5997,CUST55380,EPM,BRG0001,1,January,2022-01-20,APOTEK TAPAK,Aceh,Apotek,ACYCLOVIR DUS,OGB & PH,1,96000,96000
IN5997,CUST55380,EPM,BRG0003,1,January,2022-01-20,APOTEK TAPAK,Aceh,Apotek,AMPICILLIN,MARCKS,6,17000,102000
IN5997,CUST55380,EPM,BRG0002,1,January,2022-01-20,APOTEK TAPAK,Aceh,Apotek,ALERGINE TABLET SALUT,ETIKAL,4,112000,448000
IN5997,CUST55380,EPM,BRG0005,1,January,2022-01-20,APOTEK TAPAK,Aceh,Apotek,KLORPROMAZINA TABLET SALUT SELAPUT 100 MG,SLCYL,40,47000,1880000
IN5997,CUST55380,EPM,BRG0004,1,January,2022-01-20,APOTEK TAPAK,Aceh,Apotek,TRAMADOL KAPSUL 50 MG,VNS,11,24500,269500
IN5998,CUST55610,TA,BRG0001,4,April,2022-04-09,APOTEK SINAR JAYA,Bekasi,Apotek,ACYCLOVIR DUS,OGB & PH,23,96000,2208000
IN5999,CUST55632,TA,BRG0003,5,May,2022-05-01,APOTEK SINAR JAYA,Bekasi,Apotek,AMPICILLIN,MARCKS,5,17000,85000
IN6000,CUST55717,EPM,BRG0008,6,June,2022-06-16,APOTEK TAPAK,Aceh,Apotek,TETRACYCLINE KAPSUL 250 MG,MARCKS,7,9800,68600
IN6001,CUST55603,EPM,BRG0004,4,April,2022-04-02,APOTEK SAHABAT,Padang,Apotek,TRAMADOL KAPSUL 50 MG,VNS,21,24500,514500
IN6002,CUST55546,TA,BRG0007,2,February,2022-02-04,APOTEK MAJA,Kuningan,Apotek,ERGOTAMINE COFFEINE,ETIKAL,14,64700,905800
IN6003,CUST55424,TD,BRG0005,1,January,2022-01-27,KLINIK DR. ANDRI,Lampung,Klinik,KLORPROMAZINA TABLET SALUT SELAPUT 100 MG,SLCYL,9,47000,423000
IN6004,CUST55729,TD,BRG0010,5,May,2022-05-01,KLINIK SAHABAT,Tangerang,Klinik,PARACETAMOL,SLCYL,5,21000,105000
IN6005,CUST55447,EPM,BRG0008,2,February,2022-02-01,APOTEK TAPAK,Aceh,Apotek,TETRACYCLINE KAPSUL 250 MG,MARCKS,12,9800,117600
IN6006,CUST55554,TA,BRG0005,2,February,2022-02-12,KLINIK GM,Jakarta,Klinik,KLORPROMAZINA TABLET SALUT SELAPUT 100 MG,SLCYL,5,47000,235000
IN6007,CUST55715,TA,BRG0006,5,May,2022-05-02,APOTEK SINAR JAYA,Bekasi,Apotek,KETOCONAZOLE TABLET 200 MG,OGB & PH,9,39000,351000
IN6008,CUST55469,TD,BRG0004,1,January,2022-01-30,KLINIK DR. ANDRI,Lampung,Klinik,TRAMADOL KAPSUL 50 MG,VNS,12,24500,294000
IN6009,CUST55637,TA,BRG0008,4,April,2022-04-28,KLINIK GM,Jakarta,Klinik,TETRACYCLINE KAPSUL 250 MG,MARCKS,76,9800,744800
IN6010,CUST55676,TD,BRG0001,5,May,2022-05-31,KLINIK SAHABAT,Tangerang,Klinik,ACYCLOVIR DUS,OGB & PH,5,96000,480000
IN6011,CUST55567,EPM,BRG0008,2,February,2022-02-25,APOTEK TAPAK,Aceh,Apotek,TETRACYCLINE KAPSUL 250 MG,MARCKS,10,9800,98000
IN6012,CUST55712,TA,BRG0003,6,June,2022-06-16,KLINIK GM,Jakarta,Klinik,AMPICILLIN,MARCKS,5,17000,85000
IN6013,CUST55407,TA,BRG0002,1,January,2022-01-28,APOTEK SINAR JAYA,Bekasi,Apotek,ALERGINE TABLET SALUT,ETIKAL,25,112000,2800000
IN6014,CUST55591,TA,BRG0002,3,March,2022-03-21,APOTEK MAJA,Kuningan,Apotek,ALERGINE TABLET SALUT,ETIKAL,34,112000,3808000
IN6015,CUST55482,TA,BRG0003,1,January,2022-01-31,APOTEK SINAR JAYA,Bekasi,Apotek,AMPICILLIN,MARCKS,5,17000,85000
IN6016,CUST55579,TD,BRG0010,3,March,2022-03-09,KLINIK SAHABAT,Tangerang,Klinik,PARACETAMOL,SLCYL,5,21000,105000
IN6017,CUST55513,EPM,BRG0004,2,February,2022-02-01,APOTEK SAHABAT,Padang,Apotek,TRAMADOL KAPSUL 50 MG,VNS,23,24500,563500
IN6018,CUST55602,TA,BRG0003,4,April,2022-04-01,APOTEK SINAR JAYA,Bekasi,Apotek,AMPICILLIN,MARCKS,14,17000,238000
IN6019,CUST55663,EPM,BRG0004,4,April,2022-04-20,APOTEK SAHABAT,Padang,Apotek,TRAMADOL KAPSUL 50 MG,VNS,12,24500,294000
IN6020,CUST55581,EPM,BRG0002,3,March,2022-03-11,APOTEK SAHABAT,Padang,Apotek,ALERGINE TABLET SALUT,ETIKAL,1,112000,112000
IN6021,CUST55620,EPM,BRG0001,4,April,2022-04-19,APOTEK TAPAK,Aceh,Apotek,ACYCLOVIR DUS,OGB & PH,7,96000,672000
IN6022,CUST55654,TD,BRG0005,5,May,2022-05-23,KLINIK SAHABAT,Tangerang,Klinik,KLORPROMAZINA TABLET SALUT SELAPUT 100 MG,SLCYL,9,47000,423000
IN6023,CUST55399,TD,BRG0010,2,February,2022-02-01,KLINIK SAHABAT,Tangerang,Klinik,PARACETAMOL,SLCYL,15,21000,315000
IN6023,CUST55399,TD,BRG0009,2,February,2022-02-01,KLINIK SAHABAT,Tangerang,Klinik,AMBROXOL HC,VNS,67,31000,2077000
IN6023,CUST55399,TD,BRG0008,2,February,2022-02-01,KLINIK SAHABAT,Tangerang,Klinik,TETRACYCLINE KAPSUL 250 MG,MARCKS,10,9800,98000
IN6023,CUST55399,TD,BRG0006,2,February,2022-02-01,KLINIK SAHABAT,Tangerang,Klinik,KETOCONAZOLE TABLET 200 MG,OGB & PH,10,39000,390000
IN6023,CUST55399,TD,BRG0005,2,February,2022-02-01,KLINIK SAHABAT,Tangerang,Klinik,KLORPROMAZINA TABLET SALUT SELAPUT 100 MG,SLCYL,10,47000,470000
IN6023,CUST55399,TD,BRG0004,2,February,2022-02-01,KLINIK SAHABAT,Tangerang,Klinik,TRAMADOL KAPSUL 50 MG,VNS,10,24500,245000
IN6023,CUST55399,TD,BRG0007,2,February,2022-02-01,KLINIK SAHABAT,Tangerang,Klinik,ERGOTAMINE COFFEINE,ETIKAL,10,64700,647000
IN6024,CUST55394,TD,BRG0001,1,January,2022-01-27,KLINIK DR. ANDRI,Lampung,Klinik,ACYCLOVIR DUS,OGB & PH,4,96000,384000
IN6024,CUST55394,TD,BRG0010,1,January,2022-01-27,KLINIK DR. ANDRI,Lampung,Klinik,PARACETAMOL,SLCYL,16,21000,336000
IN6024,CUST55394,TD,BRG0008,1,January,2022-01-27,KLINIK DR. ANDRI,Lampung,Klinik,TETRACYCLINE KAPSUL 250 MG,MARCKS,12,9800,117600
IN6024,CUST55394,TD,BRG0006,1,January,2022-01-27,KLINIK DR. ANDRI,Lampung,Klinik,KETOCONAZOLE TABLET 200 MG,OGB & PH,12,39000,468000
IN6024,CUST55394,TD,BRG0005,1,January,2022-01-27,KLINIK DR. ANDRI,Lampung,Klinik,KLORPROMAZINA TABLET SALUT SELAPUT 100 MG,SLCYL,12,47000,564000
IN6024,CUST55394,TD,BRG0004,1,January,2022-01-27,KLINIK DR. ANDRI,Lampung,Klinik,TRAMADOL KAPSUL 50 MG,VNS,12,24500,294000
IN6024,CUST55394,TD,BRG0007,1,January,2022-01-27,KLINIK DR. ANDRI,Lampung,Klinik,ERGOTAMINE COFFEINE,ETIKAL,8,64700,517600
IN6025,CUST55523,TA,BRG0004,1,January,2022-01-30,APOTEK MAJA,Kuningan,Apotek,TRAMADOL KAPSUL 50 MG,VNS,7,24500,171500
IN6026,CUST55558,EPM,BRG0003,2,February,2022-02-16,APOTEK SAHABAT,Padang,Apotek,AMPICILLIN,MARCKS,21,17000,357000
IN6027,CUST55612,EPM,BRG0003,4,April,2022-04-11,APOTEK TAPAK,Aceh,Apotek,AMPICILLIN,MARCKS,10,17000,170000
IN6028,CUST55420,TA,BRG0001,1,January,2022-01-30,APOTEK MERDEKA,Bandung,Apotek,ACYCLOVIR DUS,OGB & PH,98,96000,9408000
IN6028,CUST55420,TA,BRG0001,1,January,2022-01-23,APOTEK MERDEKA,Bandung,Apotek,ACYCLOVIR DUS,OGB & PH,98,96000,9408000
IN6028,CUST55420,TA,BRG0010,1,January,2022-01-30,APOTEK MERDEKA,Bandung,Apotek,PARACETAMOL,SLCYL,78,21000,1638000
IN6028,CUST55420,TA,BRG0009,1,January,2022-01-30,APOTEK MERDEKA,Bandung,Apotek,AMBROXOL HC,VNS,67,31000,2077000
IN6028,CUST55420,TA,BRG0008,1,January,2022-01-30,APOTEK MERDEKA,Bandung,Apotek,TETRACYCLINE KAPSUL 250 MG,MARCKS,100,9800,980000
IN6028,CUST55420,TA,BRG0006,1,January,2022-01-30,APOTEK MERDEKA,Bandung,Apotek,KETOCONAZOLE TABLET 200 MG,OGB & PH,10,39000,390000
IN6028,CUST55420,TA,BRG0003,1,January,2022-01-30,APOTEK MERDEKA,Bandung,Apotek,AMPICILLIN,MARCKS,4,17000,68000
IN6028,CUST55420,TA,BRG0002,1,January,2022-01-30,APOTEK MERDEKA,Bandung,Apotek,ALERGINE TABLET SALUT,ETIKAL,5,112000,560000
IN6028,CUST55420,TA,BRG0005,1,January,2022-01-30,APOTEK MERDEKA,Bandung,Apotek,KLORPROMAZINA TABLET SALUT SELAPUT 100 MG,SLCYL,9,47000,423000
IN6028,CUST55420,TA,BRG0004,1,January,2022-01-30,APOTEK MERDEKA,Bandung,Apotek,TRAMADOL KAPSUL 50 MG,VNS,8,24500,196000
IN6028,CUST55420,TA,BRG0007,1,January,2022-01-30,APOTEK MERDEKA,Bandung,Apotek,ERGOTAMINE COFFEINE,ETIKAL,7,64700,452900
IN6029,CUST55389,TA,BRG0001,1,January,2022-01-28,KLINIK GM,Jakarta,Klinik,ACYCLOVIR DUS,OGB & PH,1,96000,96000
IN6029,CUST55389,TA,BRG0010,1,January,2022-01-28,KLINIK GM,Jakarta,Klinik,PARACETAMOL,SLCYL,20,21000,420000
IN6029,CUST55389,TA,BRG0010,1,January,2022-01-28,KLINIK GM,Jakarta,Klinik,PARACETAMOL,SLCYL,4,21000,84000
IN6029,CUST55389,TA,BRG0009,1,January,2022-01-28,KLINIK GM,Jakarta,Klinik,AMBROXOL HC,VNS,18,31000,558000
IN6029,CUST55389,TA,BRG0008,1,January,2022-01-28,KLINIK GM,Jakarta,Klinik,TETRACYCLINE KAPSUL 250 MG,MARCKS,8,9800,78400
IN6029,CUST55389,TA,BRG0006,1,January,2022-01-28,KLINIK GM,Jakarta,Klinik,KETOCONAZOLE TABLET 200 MG,OGB & PH,7,39000,273000
IN6029,CUST55389,TA,BRG0003,1,January,2022-01-28,KLINIK GM,Jakarta,Klinik,AMPICILLIN,MARCKS,5,17000,85000
IN6029,CUST55389,TA,BRG0005,1,January,2022-01-28,KLINIK GM,Jakarta,Klinik,KLORPROMAZINA TABLET SALUT SELAPUT 100 MG,SLCYL,7,47000,329000
IN6029,CUST55389,TA,BRG0004,1,January,2022-01-28,KLINIK GM,Jakarta,Klinik,TRAMADOL KAPSUL 50 MG,VNS,7,24500,171500
IN6029,CUST55389,TA,BRG0007,1,January,2022-01-28,KLINIK GM,Jakarta,Klinik,ERGOTAMINE COFFEINE,ETIKAL,14,64700,905800
IN6030,CUST55709,TD,BRG0004,5,May,2022-05-01,KLINIK DR. ANDRI,Lampung,Klinik,TRAMADOL KAPSUL 50 MG,VNS,10,24500,245000
IN6031,CUST55616,TD,BRG0001,4,April,2022-04-15,KLINIK SAHABAT,Tangerang,Klinik,ACYCLOVIR DUS,OGB & PH,4,96000,384000
IN6032,CUST55679,TD,BRG0004,6,June,2022-06-03,KLINIK DR. ANDRI,Lampung,Klinik,TRAMADOL KAPSUL 50 MG,VNS,23,24500,563500
IN6033,CUST55688,TA,BRG0009,6,June,2022-06-12,APOTEK MAJA,Kuningan,Apotek,AMBROXOL HC,VNS,34,31000,1054000
IN6034,CUST55562,TA,BRG0003,2,February,2022-02-20,KLINIK GM,Jakarta,Klinik,AMPICILLIN,MARCKS,14,17000,238000
IN6035,CUST55626,EPM,BRG0007,4,April,2022-04-25,APOTEK SAHABAT,Padang,Apotek,ERGOTAMINE COFFEINE,ETIKAL,20,64700,1294000
IN6036,CUST55388,TA,BRG0010,1,January,2022-01-27,APOTEK MAJA,Kuningan,Apotek,PARACETAMOL,SLCYL,10,21000,210000
IN6036,CUST55388,TA,BRG0009,1,January,2022-01-27,APOTEK MAJA,Kuningan,Apotek,AMBROXOL HC,VNS,22,31000,682000
IN6036,CUST55388,TA,BRG0009,1,January,2022-01-27,APOTEK MAJA,Kuningan,Apotek,AMBROXOL HC,VNS,23,31000,713000
IN6036,CUST55388,TA,BRG0003,1,January,2022-01-27,APOTEK MAJA,Kuningan,Apotek,AMPICILLIN,MARCKS,15,17000,255000
IN6036,CUST55388,TA,BRG0004,1,January,2022-01-27,APOTEK MAJA,Kuningan,Apotek,TRAMADOL KAPSUL 50 MG,VNS,12,24500,294000
IN6037,CUST55721,TD,BRG0002,5,May,2022-05-03,KLINIK SAHABAT,Tangerang,Klinik,ALERGINE TABLET SALUT,ETIKAL,45,112000,5040000
IN6038,CUST55517,TA,BRG0008,1,January,2022-01-30,KLINIK GM,Jakarta,Klinik,TETRACYCLINE KAPSUL 250 MG,MARCKS,98,9800,960400
IN6039,CUST55480,TA,BRG0001,1,January,2022-01-23,APOTEK MERDEKA,Bandung,Apotek,ACYCLOVIR DUS,OGB & PH,13,96000,1248000
IN6040,CUST55470,EPM,BRG0001,1,January,2022-01-31,APOTEK TAPAK,Aceh,Apotek,ACYCLOVIR DUS,OGB & PH,10,96000,960000
IN6041,CUST55570,TA,BRG0001,2,February,2022-02-28,APOTEK MERDEKA,Bandung,Apotek,ACYCLOVIR DUS,OGB & PH,5,96000,480000
IN6042,CUST55428,TA,BRG0009,1,January,2022-01-31,APOTEK MERDEKA,Bandung,Apotek,AMBROXOL HC,VNS,67,31000,2077000
IN6043,CUST55580,TA,BRG0001,3,March,2022-03-10,APOTEK SINAR JAYA,Bekasi,Apotek,ACYCLOVIR DUS,OGB & PH,9,96000,864000
IN6044,CUST55694,TD,BRG0005,5,May,2022-05-01,KLINIK DR. ANDRI,Lampung,Klinik,KLORPROMAZINA TABLET SALUT SELAPUT 100 MG,SLCYL,18,47000,846000
IN6045,CUST55506,EPM,BRG0007,1,January,2022-01-31,APOTEK SAHABAT,Padang,Apotek,ERGOTAMINE COFFEINE,ETIKAL,21,64700,1358700
IN6046,CUST55691,TD,BRG0002,6,June,2022-06-15,KLINIK SAHABAT,Tangerang,Klinik,ALERGINE TABLET SALUT,ETIKAL,12,112000,1344000
IN6047,CUST55635,EPM,BRG0006,4,April,2022-04-26,APOTEK TAPAK,Aceh,Apotek,KETOCONAZOLE TABLET 200 MG,OGB & PH,12,39000,468000
IN6048,CUST55464,TA,BRG0005,1,January,2022-01-31,KLINIK GM,Jakarta,Klinik,KLORPROMAZINA TABLET SALUT SELAPUT 100 MG,SLCYL,25,47000,1175000
IN6049,CUST55479,TA,BRG0010,1,January,2022-01-28,KLINIK GM,Jakarta,Klinik,PARACETAMOL,SLCYL,9,21000,189000
IN6050,CUST55434,TA,BRG0005,1,January,2022-01-31,KLINIK GM,Jakarta,Klinik,KLORPROMAZINA TABLET SALUT SELAPUT 100 MG,SLCYL,34,47000,1598000
IN6051,CUST55593,TA,BRG0004,3,March,2022-03-23,APOTEK MERDEKA,Bandung,Apotek,TRAMADOL KAPSUL 50 MG,VNS,15,24500,367500
IN6052,CUST55385,TA,BRG0010,1,January,2022-01-23,APOTEK SINAR JAYA,Bekasi,Apotek,PARACETAMOL,SLCYL,5,21000,105000
IN6052,CUST55385,TA,BRG0009,1,January,2022-01-23,APOTEK SINAR JAYA,Bekasi,Apotek,AMBROXOL HC,VNS,5,31000,155000
IN6052,CUST55385,TA,BRG0006,1,January,2022-01-23,APOTEK SINAR JAYA,Bekasi,Apotek,KETOCONAZOLE TABLET 200 MG,OGB & PH,5,39000,195000
IN6053,CUST55437,TA,BRG0002,1,January,2022-01-28,APOTEK SINAR JAYA,Bekasi,Apotek,ALERGINE TABLET SALUT,ETIKAL,44,112000,4928000
IN6054,CUST55435,TA,BRG0006,2,February,2022-02-01,APOTEK MERDEKA,Bandung,Apotek,KETOCONAZOLE TABLET 200 MG,OGB & PH,34,39000,1326000
IN6055,CUST55583,TA,BRG0004,3,March,2022-03-13,APOTEK MAJA,Kuningan,Apotek,TRAMADOL KAPSUL 50 MG,VNS,4,24500,98000
IN6056,CUST55621,TA,BRG0002,4,April,2022-04-20,APOTEK MAJA,Kuningan,Apotek,ALERGINE TABLET SALUT,ETIKAL,100,112000,11200000
IN6057,CUST55648,EPM,BRG0003,5,May,2022-05-17,APOTEK SAHABAT,Padang,Apotek,AMPICILLIN,MARCKS,10,17000,170000
IN6058,CUST55532,TA,BRG0003,1,January,2022-01-27,KLINIK GM,Jakarta,Klinik,AMPICILLIN,MARCKS,34,17000,578000
IN6059,CUST55683,TA,BRG0004,6,June,2022-06-07,APOTEK MERDEKA,Bandung,Apotek,TRAMADOL KAPSUL 50 MG,VNS,11,24500,269500
IN6060,CUST55543,EPM,BRG0004,2,February,2022-02-01,APOTEK SAHABAT,Padang,Apotek,TRAMADOL KAPSUL 50 MG,VNS,22,24500,539000
IN6061,CUST55566,EPM,BRG0007,2,February,2022-02-24,APOTEK SAHABAT,Padang,Apotek,ERGOTAMINE COFFEINE,ETIKAL,12,64700,776400
IN6062,CUST55490,TA,BRG0001,1,January,2022-01-27,APOTEK SINAR JAYA,Bekasi,Apotek,ACYCLOVIR DUS,OGB & PH,12,96000,1152000
IN6063,CUST55417,EPM,BRG0001,2,February,2022-02-01,APOTEK TAPAK,Aceh,Apotek,ACYCLOVIR DUS,OGB & PH,12,96000,1152000
IN6063,CUST55417,EPM,BRG0010,2,February,2022-02-01,APOTEK TAPAK,Aceh,Apotek,PARACETAMOL,SLCYL,67,21000,1407000
IN6063,CUST55417,EPM,BRG0009,2,February,2022-02-01,APOTEK TAPAK,Aceh,Apotek,AMBROXOL HC,VNS,10,31000,310000
IN6063,CUST55417,EPM,BRG0008,2,February,2022-02-01,APOTEK TAPAK,Aceh,Apotek,TETRACYCLINE KAPSUL 250 MG,MARCKS,12,9800,117600
IN6063,CUST55417,EPM,BRG0006,2,February,2022-02-01,APOTEK TAPAK,Aceh,Apotek,KETOCONAZOLE TABLET 200 MG,OGB & PH,10,39000,390000
IN6063,CUST55417,EPM,BRG0003,2,February,2022-02-01,APOTEK TAPAK,Aceh,Apotek,AMPICILLIN,MARCKS,14,17000,238000
IN6063,CUST55417,EPM,BRG0002,2,February,2022-02-01,APOTEK TAPAK,Aceh,Apotek,ALERGINE TABLET SALUT,ETIKAL,25,112000,2800000
IN6063,CUST55417,EPM,BRG0005,2,February,2022-02-01,APOTEK TAPAK,Aceh,Apotek,KLORPROMAZINA TABLET SALUT SELAPUT 100 MG,SLCYL,24,47000,1128000
IN6063,CUST55417,EPM,BRG0004,2,February,2022-02-01,APOTEK TAPAK,Aceh,Apotek,TRAMADOL KAPSUL 50 MG,VNS,21,24500,514500
IN6063,CUST55417,EPM,BRG0007,2,February,2022-02-01,APOTEK TAPAK,Aceh,Apotek,ERGOTAMINE COFFEINE,ETIKAL,23,64700,1488100
IN6064,CUST55515,EPM,BRG0006,1,January,2022-01-28,APOTEK TAPAK,Aceh,Apotek,KETOCONAZOLE TABLET 200 MG,OGB & PH,10,39000,390000
IN6064,CUST55380,EPM,BRG0005,2,February,2022-02-02,APOTEK TAPAK,Aceh,Apotek,KLORPROMAZINA TABLET SALUT SELAPUT 100 MG,SLCYL,24,47000,1128000
IN6064,CUST55380,EPM,BRG0004,2,February,2022-02-02,APOTEK TAPAK,Aceh,Apotek,TRAMADOL KAPSUL 50 MG,VNS,24,24500,588000
IN6065,CUST55474,TD,BRG0005,1,January,2022-01-23,KLINIK SAHABAT,Tangerang,Klinik,KLORPROMAZINA TABLET SALUT SELAPUT 100 MG,SLCYL,4,47000,188000
IN6066,CUST55538,TA,BRG0009,1,January,2022-01-27,APOTEK MAJA,Kuningan,Apotek,AMBROXOL HC,VNS,12,31000,372000
IN6067,CUST55704,TA,BRG0005,5,May,2022-05-01,KLINIK GM,Jakarta,Klinik,KLORPROMAZINA TABLET SALUT SELAPUT 100 MG,SLCYL,14,47000,658000
IN6068,CUST55536,EPM,BRG0007,1,January,2022-01-31,APOTEK SAHABAT,Padang,Apotek,ERGOTAMINE COFFEINE,ETIKAL,6,64700,388200
IN6069,CUST55571,TD,BRG0002,3,March,2022-03-01,KLINIK SAHABAT,Tangerang,Klinik,ALERGINE TABLET SALUT,ETIKAL,4,112000,448000
IN6070,CUST55485,EPM,BRG0006,1,January,2022-01-28,APOTEK TAPAK,Aceh,Apotek,KETOCONAZOLE TABLET 200 MG,OGB & PH,23,39000,897000
IN6071,CUST55636,TA,BRG0007,4,April,2022-04-27,APOTEK MAJA,Kuningan,Apotek,ERGOTAMINE COFFEINE,ETIKAL,95,64700,6146500
IN6072,CUST55477,EPM,BRG0008,2,February,2022-02-01,APOTEK TAPAK,Aceh,Apotek,TETRACYCLINE KAPSUL 250 MG,MARCKS,1,9800,9800
IN6073,CUST55628,TA,BRG0009,4,April,2022-04-27,APOTEK MAJA,Kuningan,Apotek,AMBROXOL HC,VNS,34,31000,1054000
IN6074,CUST55472,TA,BRG0003,1,January,2022-01-27,KLINIK GM,Jakarta,Klinik,AMPICILLIN,MARCKS,98,17000,1666000
IN6075,CUST55638,TA,BRG0009,4,April,2022-04-16,APOTEK MERDEKA,Bandung,Apotek,AMBROXOL HC,VNS,48,31000,1488000
IN6076,CUST55594,TD,BRG0005,3,March,2022-03-24,KLINIK SAHABAT,Tangerang,Klinik,KLORPROMAZINA TABLET SALUT SELAPUT 100 MG,SLCYL,12,47000,564000
IN6077,CUST55647,TA,BRG0002,5,May,2022-05-16,APOTEK SINAR JAYA,Bekasi,Apotek,ALERGINE TABLET SALUT,ETIKAL,12,112000,1344000
IN6078,CUST55600,TA,BRG0001,3,March,2022-03-30,APOTEK MERDEKA,Bandung,Apotek,ACYCLOVIR DUS,OGB & PH,12,96000,1152000
IN6079,CUST55494,TA,BRG0005,1,January,2022-01-31,KLINIK GM,Jakarta,Klinik,KLORPROMAZINA TABLET SALUT SELAPUT 100 MG,SLCYL,34,47000,1598000
IN6080,CUST55596,EPM,BRG0007,3,March,2022-03-26,APOTEK SAHABAT,Padang,Apotek,ERGOTAMINE COFFEINE,ETIKAL,14,64700,905800
IN6081,CUST55589,TD,BRG0004,3,March,2022-03-19,KLINIK DR. ANDRI,Lampung,Klinik,TRAMADOL KAPSUL 50 MG,VNS,25,24500,612500
IN6082,CUST55617,TA,BRG0002,4,April,2022-04-16,APOTEK SINAR JAYA,Bekasi,Apotek,ALERGINE TABLET SALUT,ETIKAL,8,112000,896000
IN6083,CUST55487,TA,BRG0008,1,January,2022-01-30,KLINIK GM,Jakarta,Klinik,TETRACYCLINE KAPSUL 250 MG,MARCKS,2,9800,19600
IN6084,CUST55471,TA,BRG0002,2,February,2022-02-01,APOTEK MAJA,Kuningan,Apotek,ALERGINE TABLET SALUT,ETIKAL,67,112000,7504000
IN6085,CUST55601,TD,BRG0002,3,March,2022-03-31,KLINIK SAHABAT,Tangerang,Klinik,ALERGINE TABLET SALUT,ETIKAL,25,112000,2800000
IN6086,CUST55408,EPM,BRG0003,1,January,2022-01-23,APOTEK SAHABAT,Padang,Apotek,AMPICILLIN,MARCKS,14,17000,238000
IN6087,CUST55560,EPM,BRG0001,2,February,2022-02-18,APOTEK TAPAK,Aceh,Apotek,ACYCLOVIR DUS,OGB & PH,12,96000,1152000
IN6088,CUST55548,TA,BRG0009,2,February,2022-02-06,APOTEK MERDEKA,Bandung,Apotek,AMBROXOL HC,VNS,10,31000,310000
IN6089,CUST55386,EPM,BRG0007,1,January,2022-01-25,APOTEK SAHABAT,Padang,Apotek,ERGOTAMINE COFFEINE,ETIKAL,9,64700,582300
IN6090,CUST55655,TA,BRG0006,5,May,2022-05-24,APOTEK SINAR JAYA,Bekasi,Apotek,KETOCONAZOLE TABLET 200 MG,OGB & PH,21,39000,819000
IN6091,CUST55687,EPM,BRG0008,6,June,2022-06-11,APOTEK TAPAK,Aceh,Apotek,TETRACYCLINE KAPSUL 250 MG,MARCKS,14,9800,137200
IN6092,CUST55584,TA,BRG0005,3,March,2022-03-14,KLINIK GM,Jakarta,Klinik,KLORPROMAZINA TABLET SALUT SELAPUT 100 MG,SLCYL,2,47000,94000
IN6093,CUST55674,TA,BRG0005,5,May,2022-05-29,KLINIK GM,Jakarta,Klinik,KLORPROMAZINA TABLET SALUT SELAPUT 100 MG,SLCYL,13,47000,611000
IN6094,CUST55710,EPM,BRG0001,5,May,2022-05-02,APOTEK TAPAK,Aceh,Apotek,ACYCLOVIR DUS,OGB & PH,67,96000,6432000
IN6095,CUST55478,TA,BRG0009,1,January,2022-01-27,APOTEK MAJA,Kuningan,Apotek,AMBROXOL HC,VNS,5,31000,155000
IN6096,CUST55561,TA,BRG0002,2,February,2022-02-19,APOTEK MAJA,Kuningan,Apotek,ALERGINE TABLET SALUT,ETIKAL,25,112000,2800000
IN6097,CUST55718,TA,BRG0009,4,April,2022-04-30,APOTEK MAJA,Kuningan,Apotek,AMBROXOL HC,VNS,100,31000,3100000
IN6098,CUST55599,TA,BRG0010,3,March,2022-03-29,KLINIK GM,Jakarta,Klinik,PARACETAMOL,SLCYL,19,21000,399000
IN6099,CUST55457,TA,BRG0008,1,January,2022-01-30,KLINIK GM,Jakarta,Klinik,TETRACYCLINE KAPSUL 250 MG,MARCKS,5,9800,49000
IN6100,CUST55677,TA,BRG0002,6,June,2022-06-01,APOTEK SINAR JAYA,Bekasi,Apotek,ALERGINE TABLET SALUT,ETIKAL,9,112000,1008000
IN6101,CUST55723,EPM,BRG0004,4,April,2022-04-30,APOTEK SAHABAT,Padang,Apotek,TRAMADOL KAPSUL 50 MG,VNS,20,24500,490000
IN6102,CUST55392,TA,BRG0003,1,January,2022-01-31,APOTEK SINAR JAYA,Bekasi,Apotek,AMPICILLIN,MARCKS,11,17000,187000
IN6102,CUST55392,TA,BRG0007,1,January,2022-01-31,APOTEK SINAR JAYA,Bekasi,Apotek,ERGOTAMINE COFFEINE,ETIKAL,24,64700,1552800
IN6103,CUST55496,TD,BRG0001,1,January,2022-01-27,KLINIK SAHABAT,Tangerang,Klinik,ACYCLOVIR DUS,OGB & PH,15,96000,1440000
IN6104,CUST55433,TA,BRG0004,1,January,2022-01-30,APOTEK MAJA,Kuningan,Apotek,TRAMADOL KAPSUL 50 MG,VNS,45,24500,1102500
IN6105,CUST55700,TA,BRG0001,5,May,2022-05-02,APOTEK SINAR JAYA,Bekasi,Apotek,ACYCLOVIR DUS,OGB & PH,21,96000,2016000
IN6106,CUST55713,TA,BRG0004,4,April,2022-04-30,APOTEK MERDEKA,Bandung,Apotek,TRAMADOL KAPSUL 50 MG,VNS,4,24500,98000
IN6107,CUST55511,TD,BRG0002,1,January,2022-01-30,KLINIK SAHABAT,Tangerang,Klinik,ALERGINE TABLET SALUT,ETIKAL,24,112000,2688000
IN6108,CUST55409,TD,BRG0004,1,January,2022-01-30,KLINIK DR. ANDRI,Lampung,Klinik,TRAMADOL KAPSUL 50 MG,VNS,21,24500,514500
IN6109,CUST55702,EPM,BRG0003,6,June,2022-06-16,APOTEK TAPAK,Aceh,Apotek,AMPICILLIN,MARCKS,12,17000,204000
IN6110,CUST55576,TA,BRG0007,3,March,2022-03-06,APOTEK MAJA,Kuningan,Apotek,ERGOTAMINE COFFEINE,ETIKAL,9,64700,582300
IN6111,CUST55657,EPM,BRG0008,5,May,2022-05-26,APOTEK TAPAK,Aceh,Apotek,TETRACYCLINE KAPSUL 250 MG,MARCKS,12,9800,117600
IN6112,CUST55726,TA,BRG0007,5,May,2022-05-03,APOTEK MAJA,Kuningan,Apotek,ERGOTAMINE COFFEINE,ETIKAL,34,64700,2199800
IN6113,CUST55400,TA,BRG0001,1,January,2022-01-27,APOTEK SINAR JAYA,Bekasi,Apotek,ACYCLOVIR DUS,OGB & PH,12,96000,1152000
IN6113,CUST55382,TA,BRG0001,2,February,2022-02-01,KLINIK GM,Jakarta,Klinik,ACYCLOVIR DUS,OGB & PH,2,96000,192000
IN6113,CUST55382,TA,BRG0002,2,February,2022-02-01,KLINIK GM,Jakarta,Klinik,ALERGINE TABLET SALUT,ETIKAL,2,112000,224000
IN6113,CUST55382,TA,BRG0005,2,February,2022-02-01,KLINIK GM,Jakarta,Klinik,KLORPROMAZINA TABLET SALUT SELAPUT 100 MG,SLCYL,12,47000,564000
IN6113,CUST55382,TA,BRG0004,2,February,2022-02-01,KLINIK GM,Jakarta,Klinik,TRAMADOL KAPSUL 50 MG,VNS,12,24500,294000
IN6114,CUST55569,TA,BRG0010,2,February,2022-02-27,KLINIK GM,Jakarta,Klinik,PARACETAMOL,SLCYL,98,21000,2058000
IN6115,CUST55716,EPM,BRG0007,5,May,2022-05-03,APOTEK SAHABAT,Padang,Apotek,ERGOTAMINE COFFEINE,ETIKAL,10,64700,647000
IN6116,CUST55455,EPM,BRG0006,1,January,2022-01-28,APOTEK TAPAK,Aceh,Apotek,KETOCONAZOLE TABLET 200 MG,OGB & PH,67,39000,2613000
IN6117,CUST55667,TA,BRG0008,5,May,2022-05-22,KLINIK GM,Jakarta,Klinik,TETRACYCLINE KAPSUL 250 MG,MARCKS,5,9800,49000
IN6118,CUST55502,TA,BRG0003,1,January,2022-01-27,KLINIK GM,Jakarta,Klinik,AMPICILLIN,MARCKS,19,17000,323000
IN6119,CUST55449,TA,BRG0010,1,January,2022-01-28,KLINIK GM,Jakarta,Klinik,PARACETAMOL,SLCYL,14,21000,294000
IN6120,CUST55465,TA,BRG0006,2,February,2022-02-01,APOTEK MERDEKA,Bandung,Apotek,KETOCONAZOLE TABLET 200 MG,OGB & PH,14,39000,546000
IN6121,CUST55666,TA,BRG0007,5,May,2022-05-21,APOTEK MAJA,Kuningan,Apotek,ERGOTAMINE COFFEINE,ETIKAL,98,64700,6340600
IN6122,CUST55445,TA,BRG0006,1,January,2022-01-30,APOTEK SINAR JAYA,Bekasi,Apotek,KETOCONAZOLE TABLET 200 MG,OGB & PH,21,39000,819000
IN6123,CUST55697,TA,BRG0008,6,June,2022-06-16,KLINIK GM,Jakarta,Klinik,TETRACYCLINE KAPSUL 250 MG,MARCKS,12,9800,117600
IN6124,CUST55442,TA,BRG0003,1,January,2022-01-27,KLINIK GM,Jakarta,Klinik,AMPICILLIN,MARCKS,95,17000,1615000
IN6125,CUST55402,EPM,BRG0003,1,January,2022-01-23,APOTEK TAPAK,Aceh,Apotek,AMPICILLIN,MARCKS,14,17000,238000
IN6126,CUST55624,TD,BRG0005,4,April,2022-04-23,KLINIK SAHABAT,Tangerang,Klinik,KLORPROMAZINA TABLET SALUT SELAPUT 100 MG,SLCYL,45,47000,2115000
IN6127,CUST55625,TA,BRG0006,4,April,2022-04-24,APOTEK SINAR JAYA,Bekasi,Apotek,KETOCONAZOLE TABLET 200 MG,OGB & PH,34,39000,1326000
IN6128,CUST55537,EPM,BRG0008,2,February,2022-02-01,APOTEK TAPAK,Aceh,Apotek,TETRACYCLINE KAPSUL 250 MG,MARCKS,79,9800,774200
IN6129,CUST55556,TD,BRG0001,2,February,2022-02-14,KLINIK SAHABAT,Tangerang,Klinik,ACYCLOVIR DUS,OGB & PH,8,96000,768000
IN6130,CUST55518,TA,BRG0009,1,January,2022-01-31,APOTEK MERDEKA,Bandung,Apotek,AMBROXOL HC,VNS,5,31000,155000
IN6131,CUST55418,TA,BRG0010,1,January,2022-01-28,APOTEK MAJA,Kuningan,Apotek,PARACETAMOL,SLCYL,27,21000,567000
IN6131,CUST55418,TA,BRG0009,1,January,2022-01-28,APOTEK MAJA,Kuningan,Apotek,AMBROXOL HC,VNS,10,31000,310000
IN6131,CUST55418,TA,BRG0009,1,January,2022-01-27,APOTEK MAJA,Kuningan,Apotek,AMBROXOL HC,VNS,10,31000,310000
IN6132,CUST55708,EPM,BRG0003,4,April,2022-04-30,APOTEK SAHABAT,Padang,Apotek,AMPICILLIN,MARCKS,12,17000,204000
IN6133,CUST55429,TD,BRG0010,2,February,2022-02-01,KLINIK SAHABAT,Tangerang,Klinik,PARACETAMOL,SLCYL,78,21000,1638000
IN6134,CUST55441,TA,BRG0002,2,February,2022-02-01,APOTEK MAJA,Kuningan,Apotek,ALERGINE TABLET SALUT,ETIKAL,12,112000,1344000
IN6135,CUST55550,TA,BRG0001,2,February,2022-02-08,APOTEK SINAR JAYA,Bekasi,Apotek,ACYCLOVIR DUS,OGB & PH,12,96000,1152000
IN6136,CUST55526,TD,BRG0001,1,January,2022-01-27,KLINIK SAHABAT,Tangerang,Klinik,ACYCLOVIR DUS,OGB & PH,78,96000,7488000
IN6137,CUST55573,EPM,BRG0004,3,March,2022-03-03,APOTEK SAHABAT,Padang,Apotek,TRAMADOL KAPSUL 50 MG,VNS,9,24500,220500
IN6138,CUST55661,TD,BRG0002,4,April,2022-04-18,KLINIK SAHABAT,Tangerang,Klinik,ALERGINE TABLET SALUT,ETIKAL,10,112000,1120000
IN6139,CUST55623,TA,BRG0004,4,April,2022-04-22,APOTEK MERDEKA,Bandung,Apotek,TRAMADOL KAPSUL 50 MG,VNS,78,24500,1911000
IN6140,CUST55595,TA,BRG0006,3,March,2022-03-25,APOTEK SINAR JAYA,Bekasi,Apotek,KETOCONAZOLE TABLET 200 MG,OGB & PH,25,39000,975000
IN6141,CUST55401,EPM,BRG0002,1,January,2022-01-28,APOTEK SAHABAT,Padang,Apotek,ALERGINE TABLET SALUT,ETIKAL,25,112000,2800000
IN6142,CUST55724,TD,BRG0005,5,May,2022-05-01,KLINIK DR. ANDRI,Lampung,Klinik,KLORPROMAZINA TABLET SALUT SELAPUT 100 MG,SLCYL,45,47000,2115000
IN6143,CUST55705,TA,BRG0006,5,May,2022-05-02,APOTEK MERDEKA,Bandung,Apotek,KETOCONAZOLE TABLET 200 MG,OGB & PH,24,39000,936000
IN6144,CUST55383,TA,BRG0010,1,January,2022-01-22,APOTEK MERDEKA,Bandung,Apotek,PARACETAMOL,SLCYL,13,21000,273000
IN6144,CUST55383,TA,BRG0009,1,January,2022-01-22,APOTEK MERDEKA,Bandung,Apotek,AMBROXOL HC,VNS,13,31000,403000
IN6144,CUST55383,TA,BRG0008,1,January,2022-01-22,APOTEK MERDEKA,Bandung,Apotek,TETRACYCLINE KAPSUL 250 MG,MARCKS,13,9800,127400
IN6144,CUST55383,TA,BRG0004,1,January,2022-01-22,APOTEK MERDEKA,Bandung,Apotek,TRAMADOL KAPSUL 50 MG,VNS,13,24500,318500
IN6144,CUST55383,TA,BRG0007,1,January,2022-01-22,APOTEK MERDEKA,Bandung,Apotek,ERGOTAMINE COFFEINE,ETIKAL,13,64700,841100
IN6145,CUST55642,EPM,BRG0003,4,April,2022-04-20,APOTEK TAPAK,Aceh,Apotek,AMPICILLIN,MARCKS,25,17000,425000
IN6146,CUST55412,TA,BRG0003,1,January,2022-01-27,KLINIK GM,Jakarta,Klinik,AMPICILLIN,MARCKS,25,17000,425000
IN6147,CUST55555,TA,BRG0006,2,February,2022-02-13,APOTEK MERDEKA,Bandung,Apotek,KETOCONAZOLE TABLET 200 MG,OGB & PH,4,39000,156000
IN6148,CUST55476,EPM,BRG0007,1,January,2022-01-31,APOTEK SAHABAT,Padang,Apotek,ERGOTAMINE COFFEINE,ETIKAL,9,64700,582300
IN6149,CUST55590,EPM,BRG0001,3,March,2022-03-20,APOTEK TAPAK,Aceh,Apotek,ACYCLOVIR DUS,OGB & PH,14,96000,1344000
IN6150,CUST55651,TA,BRG0002,5,May,2022-05-20,APOTEK MAJA,Kuningan,Apotek,ALERGINE TABLET SALUT,ETIKAL,5,112000,560000
IN6151,CUST55720,TA,BRG0001,5,May,2022-05-02,APOTEK MERDEKA,Bandung,Apotek,ACYCLOVIR DUS,OGB & PH,78,96000,7488000
IN6152,CUST55512,TA,BRG0003,1,January,2022-01-31,APOTEK SINAR JAYA,Bekasi,Apotek,AMPICILLIN,MARCKS,10,17000,170000
IN6153,CUST55597,EPM,BRG0008,3,March,2022-03-27,APOTEK TAPAK,Aceh,Apotek,TETRACYCLINE KAPSUL 250 MG,MARCKS,18,9800,176400
IN6154,CUST55641,EPM,BRG0002,4,April,2022-04-19,APOTEK SAHABAT,Padang,Apotek,ALERGINE TABLET SALUT,ETIKAL,12,112000,1344000
IN6155,CUST55382,TA,BRG0010,1,January,2022-01-21,KLINIK GM,Jakarta,Klinik,PARACETAMOL,SLCYL,12,21000,252000
IN6155,CUST55382,TA,BRG0009,1,January,2022-01-21,KLINIK GM,Jakarta,Klinik,AMBROXOL HC,VNS,25,31000,775000
IN6155,CUST55382,TA,BRG0008,1,January,2022-01-21,KLINIK GM,Jakarta,Klinik,TETRACYCLINE KAPSUL 250 MG,MARCKS,25,9800,245000
IN6155,CUST55382,TA,BRG0006,1,January,2022-01-21,KLINIK GM,Jakarta,Klinik,KETOCONAZOLE TABLET 200 MG,OGB & PH,22,39000,858000
IN6155,CUST55382,TA,BRG0003,1,January,2022-01-21,KLINIK GM,Jakarta,Klinik,AMPICILLIN,MARCKS,9,17000,153000
IN6155,CUST55382,TA,BRG0005,1,January,2022-01-21,KLINIK GM,Jakarta,Klinik,KLORPROMAZINA TABLET SALUT SELAPUT 100 MG,SLCYL,12,47000,564000
IN6155,CUST55382,TA,BRG0004,1,January,2022-01-21,KLINIK GM,Jakarta,Klinik,TRAMADOL KAPSUL 50 MG,VNS,12,24500,294000
IN6155,CUST55382,TA,BRG0007,1,January,2022-01-21,KLINIK GM,Jakarta,Klinik,ERGOTAMINE COFFEINE,ETIKAL,10,64700,647000
IN6156,CUST55608,TA,BRG0009,4,April,2022-04-07,APOTEK MERDEKA,Bandung,Apotek,AMBROXOL HC,VNS,24,31000,744000
IN6157,CUST55613,TA,BRG0004,4,April,2022-04-12,APOTEK MAJA,Kuningan,Apotek,TRAMADOL KAPSUL 50 MG,VNS,67,24500,1641500
IN6158,CUST55699,TD,BRG0010,5,May,2022-05-01,KLINIK SAHABAT,Tangerang,Klinik,PARACETAMOL,SLCYL,14,21000,294000
IN6159,CUST55689,TA,BRG0010,6,June,2022-06-13,KLINIK GM,Jakarta,Klinik,PARACETAMOL,SLCYL,67,21000,1407000
IN6160,CUST55672,EPM,BRG0003,5,May,2022-05-27,APOTEK TAPAK,Aceh,Apotek,AMPICILLIN,MARCKS,5,17000,85000
IN6161,CUST55466,TD,BRG0001,1,January,2022-01-27,KLINIK SAHABAT,Tangerang,Klinik,ACYCLOVIR DUS,OGB & PH,24,96000,2304000
IN6162,CUST55503,TA,BRG0004,1,January,2022-01-28,APOTEK MERDEKA,Bandung,Apotek,TRAMADOL KAPSUL 50 MG,VNS,12,24500,294000
IN6163,CUST55421,TD,BRG0002,1,January,2022-01-30,KLINIK SAHABAT,Tangerang,Klinik,ALERGINE TABLET SALUT,ETIKAL,5,112000,560000
IN6164,CUST55578,TA,BRG0009,3,March,2022-03-08,APOTEK MERDEKA,Bandung,Apotek,AMBROXOL HC,VNS,1,31000,31000
IN6165,CUST55722,TA,BRG0003,6,June,2022-06-16,APOTEK SINAR JAYA,Bekasi,Apotek,AMPICILLIN,MARCKS,34,17000,578000
IN6166,CUST55675,TA,BRG0006,5,May,2022-05-30,APOTEK MERDEKA,Bandung,Apotek,KETOCONAZOLE TABLET 200 MG,OGB & PH,1,39000,39000
IN6167,CUST55491,EPM,BRG0002,1,January,2022-01-28,APOTEK SAHABAT,Padang,Apotek,ALERGINE TABLET SALUT,ETIKAL,12,112000,1344000
IN6168,CUST55644,TA,BRG0005,5,May,2022-05-13,KLINIK GM,Jakarta,Klinik,KLORPROMAZINA TABLET SALUT SELAPUT 100 MG,SLCYL,24,47000,1128000
IN6169,CUST55665,EPM,BRG0006,5,May,2022-05-20,APOTEK TAPAK,Aceh,Apotek,KETOCONAZOLE TABLET 200 MG,OGB & PH,67,39000,2613000
IN6170,CUST55505,TA,BRG0006,1,January,2022-01-30,APOTEK SINAR JAYA,Bekasi,Apotek,KETOCONAZOLE TABLET 200 MG,OGB & PH,14,39000,546000
IN6171,CUST55545,EPM,BRG0006,2,February,2022-02-03,APOTEK TAPAK,Aceh,Apotek,KETOCONAZOLE TABLET 200 MG,OGB & PH,25,39000,975000
IN6172,CUST55497,TA,BRG0002,1,January,2022-01-28,APOTEK SINAR JAYA,Bekasi,Apotek,ALERGINE TABLET SALUT,ETIKAL,12,112000,1344000
IN6173,CUST55406,TD,BRG0001,1,January,2022-01-27,KLINIK SAHABAT,Tangerang,Klinik,ACYCLOVIR DUS,OGB & PH,12,96000,1152000
IN6174,CUST55618,EPM,BRG0003,4,April,2022-04-17,APOTEK SAHABAT,Padang,Apotek,AMPICILLIN,MARCKS,9,17000,153000
IN6175,CUST55404,TA,BRG0005,1,January,2022-01-31,KLINIK GM,Jakarta,Klinik,KLORPROMAZINA TABLET SALUT SELAPUT 100 MG,SLCYL,18,47000,846000
IN6176,CUST55403,TA,BRG0004,1,January,2022-01-30,APOTEK MAJA,Kuningan,Apotek,TRAMADOL KAPSUL 50 MG,VNS,18,24500,441000
IN6177,CUST55585,TA,BRG0006,3,March,2022-03-15,APOTEK MERDEKA,Bandung,Apotek,KETOCONAZOLE TABLET 200 MG,OGB & PH,17,39000,663000
IN6178,CUST55695,EPM,BRG0006,5,May,2022-05-02,APOTEK TAPAK,Aceh,Apotek,KETOCONAZOLE TABLET 200 MG,OGB & PH,18,39000,702000
IN6179,CUST55669,TD,BRG0010,5,May,2022-05-24,KLINIK SAHABAT,Tangerang,Klinik,PARACETAMOL,SLCYL,8,21000,168000
IN6180,CUST55614,TA,BRG0005,4,April,2022-04-13,KLINIK GM,Jakarta,Klinik,KLORPROMAZINA TABLET SALUT SELAPUT 100 MG,SLCYL,98,47000,4606000
IN6181,CUST55549,TD,BRG0010,2,February,2022-02-07,KLINIK SAHABAT,Tangerang,Klinik,PARACETAMOL,SLCYL,130,21000,2730000
IN6182,CUST55577,TA,BRG0008,3,March,2022-03-07,KLINIK GM,Jakarta,Klinik,TETRACYCLINE KAPSUL 250 MG,MARCKS,13,9800,127400
IN6183,CUST55498,EPM,BRG0003,1,January,2022-01-23,APOTEK SAHABAT,Padang,Apotek,AMPICILLIN,MARCKS,25,17000,425000
IN6184,CUST55395,EPM,BRG0006,1,January,2022-01-28,APOTEK TAPAK,Aceh,Apotek,KETOCONAZOLE TABLET 200 MG,OGB & PH,25,39000,975000
IN6184,CUST55395,EPM,BRG0003,1,January,2022-01-28,APOTEK TAPAK,Aceh,Apotek,AMPICILLIN,MARCKS,12,17000,204000
IN6184,CUST55395,EPM,BRG0002,1,January,2022-01-28,APOTEK TAPAK,Aceh,Apotek,ALERGINE TABLET SALUT,ETIKAL,1,112000,112000
IN6184,CUST55395,EPM,BRG0004,1,January,2022-01-28,APOTEK TAPAK,Aceh,Apotek,TRAMADOL KAPSUL 50 MG,VNS,25,24500,612500
IN6185,CUST55483,EPM,BRG0004,2,February,2022-02-01,APOTEK SAHABAT,Padang,Apotek,TRAMADOL KAPSUL 50 MG,VNS,9,24500,220500
IN6186,CUST55500,EPM,BRG0001,1,January,2022-01-31,APOTEK TAPAK,Aceh,Apotek,ACYCLOVIR DUS,OGB & PH,18,96000,1728000
IN6187,CUST55606,TA,BRG0007,4,April,2022-04-05,APOTEK MAJA,Kuningan,Apotek,ERGOTAMINE COFFEINE,ETIKAL,25,64700,1617500
IN6188,CUST55454,TD,BRG0005,1,January,2022-01-27,KLINIK DR. ANDRI,Lampung,Klinik,KLORPROMAZINA TABLET SALUT SELAPUT 100 MG,SLCYL,10,47000,470000
IN6189,CUST55574,TD,BRG0005,3,March,2022-03-04,KLINIK DR. ANDRI,Lampung,Klinik,KLORPROMAZINA TABLET SALUT SELAPUT 100 MG,SLCYL,1,47000,47000
IN6190,CUST55390,TA,BRG0001,1,January,2022-01-23,APOTEK MERDEKA,Bandung,Apotek,ACYCLOVIR DUS,OGB & PH,40,96000,3840000
IN6190,CUST55390,TA,BRG0001,1,January,2022-01-23,APOTEK MERDEKA,Bandung,Apotek,ACYCLOVIR DUS,OGB & PH,2,96000,192000
IN6191,CUST55422,TA,BRG0003,1,January,2022-01-31,APOTEK SINAR JAYA,Bekasi,Apotek,AMPICILLIN,MARCKS,4,17000,68000
IN6192,CUST55645,TA,BRG0006,5,May,2022-05-14,APOTEK MERDEKA,Bandung,Apotek,KETOCONAZOLE TABLET 200 MG,OGB & PH,10,39000,390000
IN6193,CUST55588,EPM,BRG0003,3,March,2022-03-18,APOTEK SAHABAT,Padang,Apotek,AMPICILLIN,MARCKS,12,17000,204000
IN6194,CUST55658,TA,BRG0009,4,April,2022-04-18,APOTEK MAJA,Kuningan,Apotek,AMBROXOL HC,VNS,25,31000,775000
IN6195,CUST55398,TA,BRG0009,1,January,2022-01-31,APOTEK MERDEKA,Bandung,Apotek,AMBROXOL HC,VNS,67,31000,2077000
IN6195,CUST55398,TA,BRG0004,1,January,2022-01-31,APOTEK MERDEKA,Bandung,Apotek,TRAMADOL KAPSUL 50 MG,VNS,10,24500,245000
IN6195,CUST55398,TA,BRG0007,1,January,2022-01-31,APOTEK MERDEKA,Bandung,Apotek,ERGOTAMINE COFFEINE,ETIKAL,10,64700,647000
IN6196,CUST55530,EPM,BRG0001,1,January,2022-01-31,APOTEK TAPAK,Aceh,Apotek,ACYCLOVIR DUS,OGB & PH,45,96000,4320000
IN6197,CUST55630,TA,BRG0001,4,April,2022-04-29,APOTEK MERDEKA,Bandung,Apotek,ACYCLOVIR DUS,OGB & PH,34,96000,3264000
IN6198,CUST55680,EPM,BRG0001,6,June,2022-06-04,APOTEK TAPAK,Aceh,Apotek,ACYCLOVIR DUS,OGB & PH,4,96000,384000
IN6199,CUST55509,TA,BRG0010,1,January,2022-01-28,KLINIK GM,Jakarta,Klinik,PARACETAMOL,SLCYL,25,21000,525000
IN6200,CUST55473,TA,BRG0004,1,January,2022-01-28,APOTEK MERDEKA,Bandung,Apotek,TRAMADOL KAPSUL 50 MG,VNS,5,24500,122500
IN6201,CUST55668,TA,BRG0009,5,May,2022-05-23,APOTEK MERDEKA,Bandung,Apotek,AMBROXOL HC,VNS,4,31000,124000
IN6202,CUST55528,EPM,BRG0003,1,January,2022-01-23,APOTEK SAHABAT,Padang,Apotek,AMPICILLIN,MARCKS,34,17000,578000
IN6203,CUST55524,TA,BRG0005,1,January,2022-01-31,KLINIK GM,Jakarta,Klinik,KLORPROMAZINA TABLET SALUT SELAPUT 100 MG,SLCYL,100,47000,4700000
IN6204,CUST55727,TA,BRG0008,6,June,2022-06-16,KLINIK GM,Jakarta,Klinik,TETRACYCLINE KAPSUL 250 MG,MARCKS,34,9800,333200
IN6205,CUST55520,TA,BRG0001,1,January,2022-01-27,APOTEK SINAR JAYA,Bekasi,Apotek,ACYCLOVIR DUS,OGB & PH,8,96000,768000
IN6206,CUST55582,EPM,BRG0003,3,March,2022-03-12,APOTEK TAPAK,Aceh,Apotek,AMPICILLIN,MARCKS,23,17000,391000
IN6207,CUST55605,EPM,BRG0006,4,April,2022-04-04,APOTEK TAPAK,Aceh,Apotek,KETOCONAZOLE TABLET 200 MG,OGB & PH,12,39000,468000
IN6208,CUST55475,TA,BRG0006,1,January,2022-01-30,APOTEK SINAR JAYA,Bekasi,Apotek,KETOCONAZOLE TABLET 200 MG,OGB & PH,8,39000,312000
IN6209,CUST55586,TD,BRG0001,3,March,2022-03-16,KLINIK SAHABAT,Tangerang,Klinik,ACYCLOVIR DUS,OGB & PH,11,96000,1056000
IN6210,CUST55486,TA,BRG0007,1,January,2022-01-23,APOTEK MAJA,Kuningan,Apotek,ERGOTAMINE COFFEINE,ETIKAL,4,64700,258800
IN6211,CUST55501,TA,BRG0002,2,February,2022-02-01,APOTEK MAJA,Kuningan,Apotek,ALERGINE TABLET SALUT,ETIKAL,18,112000,2016000
IN6212,CUST55681,TA,BRG0002,6,June,2022-06-05,APOTEK MAJA,Kuningan,Apotek,ALERGINE TABLET SALUT,ETIKAL,2,112000,224000
IN6213,CUST55701,EPM,BRG0002,5,May,2022-05-03,APOTEK SAHABAT,Padang,Apotek,ALERGINE TABLET SALUT,ETIKAL,22,112000,2464000
IN6214,CUST55461,EPM,BRG0002,1,January,2022-01-28,APOTEK SAHABAT,Padang,Apotek,ALERGINE TABLET SALUT,ETIKAL,21,112000,2352000
IN6215,CUST55510,TA,BRG0001,1,January,2022-01-23,APOTEK MERDEKA,Bandung,Apotek,ACYCLOVIR DUS,OGB & PH,14,96000,1344000
IN6216,CUST55456,TA,BRG0007,1,January,2022-01-23,APOTEK MAJA,Kuningan,Apotek,ERGOTAMINE COFFEINE,ETIKAL,98,64700,6340600
IN6217,CUST55438,EPM,BRG0003,1,January,2022-01-23,APOTEK SAHABAT,Padang,Apotek,AMPICILLIN,MARCKS,5,17000,85000
IN6218,CUST55639,TD,BRG0010,4,April,2022-04-17,KLINIK SAHABAT,Tangerang,Klinik,PARACETAMOL,SLCYL,21,21000,441000
IN6219,CUST55436,TD,BRG0001,1,January,2022-01-27,KLINIK SAHABAT,Tangerang,Klinik,ACYCLOVIR DUS,OGB & PH,34,96000,3264000
IN6220,CUST55444,TD,BRG0005,1,January,2022-01-23,KLINIK SAHABAT,Tangerang,Klinik,KLORPROMAZINA TABLET SALUT SELAPUT 100 MG,SLCYL,48,47000,2256000
IN6221,CUST55504,TD,BRG0005,1,January,2022-01-23,KLINIK SAHABAT,Tangerang,Klinik,KLORPROMAZINA TABLET SALUT SELAPUT 100 MG,SLCYL,25,47000,1175000
IN6222,CUST55678,EPM,BRG0003,6,June,2022-06-02,APOTEK SAHABAT,Padang,Apotek,AMPICILLIN,MARCKS,1,17000,17000
IN6223,CUST55633,EPM,BRG0004,5,May,2022-05-02,APOTEK SAHABAT,Padang,Apotek,TRAMADOL KAPSUL 50 MG,VNS,6,24500,147000
IN6224,CUST55559,TD,BRG0004,2,February,2022-02-17,KLINIK DR. ANDRI,Lampung,Klinik,TRAMADOL KAPSUL 50 MG,VNS,22,24500,539000
IN6225,CUST55631,TD,BRG0002,4,April,2022-04-30,KLINIK SAHABAT,Tangerang,Klinik,ALERGINE TABLET SALUT,ETIKAL,44,112000,4928000
IN6226,CUST55416,EPM,BRG0007,1,January,2022-01-31,APOTEK SAHABAT,Padang,Apotek,ERGOTAMINE COFFEINE,ETIKAL,23,64700,1488100
IN6227,CUST55611,EPM,BRG0002,4,April,2022-04-10,APOTEK SAHABAT,Padang,Apotek,ALERGINE TABLET SALUT,ETIKAL,12,112000,1344000
IN6228,CUST55508,TA,BRG0009,1,January,2022-01-27,APOTEK MAJA,Kuningan,Apotek,AMBROXOL HC,VNS,12,31000,372000
IN6229,CUST55575,EPM,BRG0006,3,March,2022-03-05,APOTEK TAPAK,Aceh,Apotek,KETOCONAZOLE TABLET 200 MG,OGB & PH,5,39000,195000
IN6230,CUST55413,TA,BRG0004,1,January,2022-01-28,APOTEK MERDEKA,Bandung,Apotek,TRAMADOL KAPSUL 50 MG,VNS,14,24500,343000
IN6231,CUST55563,TA,BRG0004,2,February,2022-02-21,APOTEK MERDEKA,Bandung,Apotek,TRAMADOL KAPSUL 50 MG,VNS,24,24500,588000
IN6232,CUST55609,TD,BRG0010,4,April,2022-04-08,KLINIK SAHABAT,Tangerang,Klinik,PARACETAMOL,SLCYL,10,21000,210000
IN6233,CUST55450,TA,BRG0001,1,January,2022-01-23,APOTEK MERDEKA,Bandung,Apotek,ACYCLOVIR DUS,OGB & PH,24,96000,2304000
IN6234,CUST55552,EPM,BRG0003,2,February,2022-02-10,APOTEK TAPAK,Aceh,Apotek,AMPICILLIN,MARCKS,67,17000,1139000
IN6235,CUST55451,TD,BRG0002,1,January,2022-01-30,KLINIK SAHABAT,Tangerang,Klinik,ALERGINE TABLET SALUT,ETIKAL,10,112000,1120000
IN6236,CUST55684,TD,BRG0005,6,June,2022-06-08,KLINIK SAHABAT,Tangerang,Klinik,KLORPROMAZINA TABLET SALUT SELAPUT 100 MG,SLCYL,12,47000,564000
IN6237,CUST55619,TD,BRG0004,4,April,2022-04-18,KLINIK DR. ANDRI,Lampung,Klinik,TRAMADOL KAPSUL 50 MG,VNS,10,24500,245000
IN6238,CUST55460,TA,BRG0001,1,January,2022-01-27,APOTEK SINAR JAYA,Bekasi,Apotek,ACYCLOVIR DUS,OGB & PH,9,96000,864000
IN6239,CUST55572,TA,BRG0003,3,March,2022-03-02,APOTEK SINAR JAYA,Bekasi,Apotek,AMPICILLIN,MARCKS,8,17000,136000
IN6240,CUST55541,TD,BRG0002,1,January,2022-01-30,KLINIK SAHABAT,Tangerang,Klinik,ALERGINE TABLET SALUT,ETIKAL,48,112000,5376000
IN6241,CUST55440,EPM,BRG0001,1,January,2022-01-31,APOTEK TAPAK,Aceh,Apotek,ACYCLOVIR DUS,OGB & PH,79,96000,7584000
IN6242,CUST55534,TD,BRG0005,1,January,2022-01-23,KLINIK SAHABAT,Tangerang,Klinik,KLORPROMAZINA TABLET SALUT SELAPUT 100 MG,SLCYL,44,47000,2068000
IN6243,CUST55525,TA,BRG0006,2,February,2022-02-01,APOTEK MERDEKA,Bandung,Apotek,KETOCONAZOLE TABLET 200 MG,OGB & PH,67,39000,2613000
IN6244,CUST55542,TA,BRG0003,1,January,2022-01-31,APOTEK SINAR JAYA,Bekasi,Apotek,AMPICILLIN,MARCKS,21,17000,357000
IN6245,CUST55397,TA,BRG0008,1,January,2022-01-30,KLINIK GM,Jakarta,Klinik,TETRACYCLINE KAPSUL 250 MG,MARCKS,34,9800,333200
IN6246,CUST55533,TA,BRG0004,1,January,2022-01-28,APOTEK MERDEKA,Bandung,Apotek,TRAMADOL KAPSUL 50 MG,VNS,34,24500,833000
IN6247,CUST55425,EPM,BRG0006,1,January,2022-01-28,APOTEK TAPAK,Aceh,Apotek,KETOCONAZOLE TABLET 200 MG,OGB & PH,10,39000,390000
IN6248,CUST55427,TA,BRG0008,1,January,2022-01-30,KLINIK GM,Jakarta,Klinik,TETRACYCLINE KAPSUL 250 MG,MARCKS,100,9800,980000
IN6249,CUST55703,TA,BRG0004,4,April,2022-04-30,APOTEK MAJA,Kuningan,Apotek,TRAMADOL KAPSUL 50 MG,VNS,25,24500,612500
IN6250,CUST55587,TA,BRG0002,3,March,2022-03-17,APOTEK SINAR JAYA,Bekasi,Apotek,ALERGINE TABLET SALUT,ETIKAL,12,112000,1344000
IN6251,CUST55387,EPM,BRG0001,1,January,2022-01-23,APOTEK TAPAK,Aceh,Apotek,ACYCLOVIR DUS,OGB & PH,2,96000,192000
IN6251,CUST55387,EPM,BRG0009,1,January,2022-01-23,APOTEK TAPAK,Aceh,Apotek,AMBROXOL HC,VNS,12,31000,372000
IN6251,CUST55387,EPM,BRG0008,1,January,2022-01-23,APOTEK TAPAK,Aceh,Apotek,TETRACYCLINE KAPSUL 250 MG,MARCKS,5,9800,49000
IN6251,CUST55387,EPM,BRG0008,1,January,2022-01-23,APOTEK TAPAK,Aceh,Apotek,TETRACYCLINE KAPSUL 250 MG,MARCKS,1,9800,9800
IN6251,CUST55387,EPM,BRG0006,1,January,2022-01-23,APOTEK TAPAK,Aceh,Apotek,KETOCONAZOLE TABLET 200 MG,OGB & PH,5,39000,195000
IN6251,CUST55387,EPM,BRG0003,1,January,2022-01-23,APOTEK TAPAK,Aceh,Apotek,AMPICILLIN,MARCKS,12,17000,204000
IN6251,CUST55387,EPM,BRG0002,1,January,2022-01-23,APOTEK TAPAK,Aceh,Apotek,ALERGINE TABLET SALUT,ETIKAL,2,112000,224000
IN6251,CUST55387,EPM,BRG0005,1,January,2022-01-23,APOTEK TAPAK,Aceh,Apotek,KLORPROMAZINA TABLET SALUT SELAPUT 100 MG,SLCYL,5,47000,235000
IN6251,CUST55387,EPM,BRG0004,1,January,2022-01-23,APOTEK TAPAK,Aceh,Apotek,TRAMADOL KAPSUL 50 MG,VNS,5,24500,122500
IN6251,CUST55387,EPM,BRG0007,1,January,2022-01-23,APOTEK TAPAK,Aceh,Apotek,ERGOTAMINE COFFEINE,ETIKAL,12,64700,776400
IN6252,CUST55649,TD,BRG0004,5,May,2022-05-18,KLINIK DR. ANDRI,Lampung,Klinik,TRAMADOL KAPSUL 50 MG,VNS,67,24500,1641500
IN6253,CUST55431,EPM,BRG0002,1,January,2022-01-28,APOTEK SAHABAT,Padang,Apotek,ALERGINE TABLET SALUT,ETIKAL,34,112000,3808000
IN6254,CUST55544,TD,BRG0005,2,February,2022-02-02,KLINIK DR. ANDRI,Lampung,Klinik,KLORPROMAZINA TABLET SALUT SELAPUT 100 MG,SLCYL,12,47000,564000
IN6255,CUST55446,EPM,BRG0007,1,January,2022-01-31,APOTEK SAHABAT,Padang,Apotek,ERGOTAMINE COFFEINE,ETIKAL,22,64700,1423400
IN6256,CUST55463,TA,BRG0004,1,January,2022-01-30,APOTEK MAJA,Kuningan,Apotek,TRAMADOL KAPSUL 50 MG,VNS,12,24500,294000
IN6257,CUST55615,TA,BRG0006,4,April,2022-04-14,APOTEK MERDEKA,Bandung,Apotek,KETOCONAZOLE TABLET 200 MG,OGB & PH,5,39000,195000
IN6258,CUST55484,TD,BRG0005,1,January,2022-01-27,KLINIK DR. ANDRI,Lampung,Klinik,KLORPROMAZINA TABLET SALUT SELAPUT 100 MG,SLCYL,1,47000,47000
IN6259,CUST55405,TA,BRG0006,2,February,2022-02-01,APOTEK MERDEKA,Bandung,Apotek,KETOCONAZOLE TABLET 200 MG,OGB & PH,19,39000,741000
IN6259,CUST55405,TA,BRG0003,2,February,2022-02-01,APOTEK MERDEKA,Bandung,Apotek,AMPICILLIN,MARCKS,14,17000,238000
IN6259,CUST55405,TA,BRG0002,2,February,2022-02-01,APOTEK MERDEKA,Bandung,Apotek,ALERGINE TABLET SALUT,ETIKAL,25,112000,2800000
IN6259,CUST55405,TA,BRG0005,2,February,2022-02-01,APOTEK MERDEKA,Bandung,Apotek,KLORPROMAZINA TABLET SALUT SELAPUT 100 MG,SLCYL,18,47000,846000
IN6259,CUST55405,TA,BRG0004,2,February,2022-02-01,APOTEK MERDEKA,Bandung,Apotek,TRAMADOL KAPSUL 50 MG,VNS,18,24500,441000
IN6260,CUST55564,TD,BRG0005,2,February,2022-02-22,KLINIK SAHABAT,Tangerang,Klinik,KLORPROMAZINA TABLET SALUT SELAPUT 100 MG,SLCYL,10,47000,470000
IN6261,CUST55547,TA,BRG0008,2,February,2022-02-05,KLINIK GM,Jakarta,Klinik,TETRACYCLINE KAPSUL 250 MG,MARCKS,24,9800,235200
IN6262,CUST55419,TA,BRG0010,1,January,2022-01-28,KLINIK GM,Jakarta,Klinik,PARACETAMOL,SLCYL,67,21000,1407000
IN6263,CUST55452,TA,BRG0003,1,January,2022-01-31,APOTEK SINAR JAYA,Bekasi,Apotek,AMPICILLIN,MARCKS,130,17000,2210000
IN6264,CUST55690,TA,BRG0001,6,June,2022-06-14,APOTEK MERDEKA,Bandung,Apotek,ACYCLOVIR DUS,OGB & PH,15,96000,1440000
IN6265,CUST55698,TA,BRG0009,4,April,2022-04-30,APOTEK MERDEKA,Bandung,Apotek,AMBROXOL HC,VNS,25,31000,775000
IN6266,CUST55531,TA,BRG0002,2,February,2022-02-01,APOTEK MAJA,Kuningan,Apotek,ALERGINE TABLET SALUT,ETIKAL,34,112000,3808000
IN6267,CUST55459,TD,BRG0010,2,February,2022-02-01,KLINIK SAHABAT,Tangerang,Klinik,PARACETAMOL,SLCYL,8,21000,168000
IN6268,CUST55692,TA,BRG0003,6,June,2022-06-16,APOTEK SINAR JAYA,Bekasi,Apotek,AMPICILLIN,MARCKS,25,17000,425000
IN6269,CUST55453,EPM,BRG0004,2,February,2022-02-01,APOTEK SAHABAT,Padang,Apotek,TRAMADOL KAPSUL 50 MG,VNS,12,24500,294000
IN6270,CUST55696,TA,BRG0007,5,May,2022-05-03,APOTEK MAJA,Kuningan,Apotek,ERGOTAMINE COFFEINE,ETIKAL,19,64700,1229300
IN6271,CUST55604,TD,BRG0005,4,April,2022-04-03,KLINIK DR. ANDRI,Lampung,Klinik,KLORPROMAZINA TABLET SALUT SELAPUT 100 MG,SLCYL,22,47000,1034000
IN6272,CUST55650,EPM,BRG0001,5,May,2022-05-19,APOTEK TAPAK,Aceh,Apotek,ACYCLOVIR DUS,OGB & PH,98,96000,9408000
IN6273,CUST55634,TD,BRG0005,5,May,2022-05-03,KLINIK DR. ANDRI,Lampung,Klinik,KLORPROMAZINA TABLET SALUT SELAPUT 100 MG,SLCYL,79,47000,3713000
IN6274,CUST55423,EPM,BRG0004,2,February,2022-02-01,APOTEK SAHABAT,Padang,Apotek,TRAMADOL KAPSUL 50 MG,VNS,8,24500,196000
IN6275,CUST55568,TA,BRG0009,2,February,2022-02-26,APOTEK MAJA,Kuningan,Apotek,AMBROXOL HC,VNS,67,31000,2077000
IN6276,CUST55481,TD,BRG0002,1,January,2022-01-30,KLINIK SAHABAT,Tangerang,Klinik,ALERGINE TABLET SALUT,ETIKAL,1,112000,112000
IN6277,CUST55629,TA,BRG0010,4,April,2022-04-28,KLINIK GM,Jakarta,Klinik,PARACETAMOL,SLCYL,34,21000,714000
IN6278,CUST55499,TD,BRG0004,1,January,2022-01-30,KLINIK DR. ANDRI,Lampung,Klinik,TRAMADOL KAPSUL 50 MG,VNS,14,24500,343000
IN6279,CUST55529,TD,BRG0004,1,January,2022-01-30,KLINIK DR. ANDRI,Lampung,Klinik,TRAMADOL KAPSUL 50 MG,VNS,20,24500,490000
IN6280,CUST55384,TD,BRG0001,1,January,2022-01-23,KLINIK SAHABAT,Tangerang,Klinik,ACYCLOVIR DUS,OGB & PH,2,96000,192000
IN6280,CUST55384,TD,BRG0010,1,January,2022-01-23,KLINIK SAHABAT,Tangerang,Klinik,PARACETAMOL,SLCYL,10,21000,210000
IN6280,CUST55384,TD,BRG0009,1,January,2022-01-23,KLINIK SAHABAT,Tangerang,Klinik,AMBROXOL HC,VNS,10,31000,310000
IN6280,CUST55384,TD,BRG0006,1,January,2022-01-23,KLINIK SAHABAT,Tangerang,Klinik,KETOCONAZOLE TABLET 200 MG,OGB & PH,25,39000,975000
IN6280,CUST55384,TD,BRG0002,1,January,2022-01-23,KLINIK SAHABAT,Tangerang,Klinik,ALERGINE TABLET SALUT,ETIKAL,3,112000,336000
IN6280,CUST55384,TD,BRG0005,1,January,2022-01-23,KLINIK SAHABAT,Tangerang,Klinik,KLORPROMAZINA TABLET SALUT SELAPUT 100 MG,SLCYL,5,47000,235000
IN6280,CUST55384,TD,BRG0005,1,January,2022-01-23,KLINIK SAHABAT,Tangerang,Klinik,KLORPROMAZINA TABLET SALUT SELAPUT 100 MG,SLCYL,1,47000,47000
IN6280,CUST55384,TD,BRG0007,1,January,2022-01-23,KLINIK SAHABAT,Tangerang,Klinik,ERGOTAMINE COFFEINE,ETIKAL,10,64700,647000
IN6281,CUST55415,TA,BRG0006,1,January,2022-01-30,APOTEK SINAR JAYA,Bekasi,Apotek,KETOCONAZOLE TABLET 200 MG,OGB & PH,10,39000,390000
IN6282,CUST55673,TA,BRG0004,5,May,2022-05-28,APOTEK MAJA,Kuningan,Apotek,TRAMADOL KAPSUL 50 MG,VNS,9,24500,220500
IN6283,CUST55664,TD,BRG0005,5,May,2022-05-19,KLINIK DR. ANDRI,Lampung,Klinik,KLORPROMAZINA TABLET SALUT SELAPUT 100 MG,SLCYL,10,47000,470000
IN6284,CUST55540,TA,BRG0001,1,January,2022-01-23,APOTEK MERDEKA,Bandung,Apotek,ACYCLOVIR DUS,OGB & PH,76,96000,7296000
IN6285,CUST55646,TD,BRG0001,5,May,2022-05-15,KLINIK SAHABAT,Tangerang,Klinik,ACYCLOVIR DUS,OGB & PH,130,96000,12480000
IN6286,CUST55468,EPM,BRG0003,1,January,2022-01-23,APOTEK SAHABAT,Padang,Apotek,AMPICILLIN,MARCKS,120,17000,2040000
IN6287,CUST55391,TD,BRG0010,1,January,2022-01-30,KLINIK SAHABAT,Tangerang,Klinik,PARACETAMOL,SLCYL,16,21000,336000
IN6287,CUST55391,TD,BRG0006,1,January,2022-01-30,KLINIK SAHABAT,Tangerang,Klinik,KETOCONAZOLE TABLET 200 MG,OGB & PH,20,39000,780000
IN6287,CUST55391,TD,BRG0002,1,January,2022-01-30,KLINIK SAHABAT,Tangerang,Klinik,ALERGINE TABLET SALUT,ETIKAL,17,112000,1904000
IN6288,CUST55682,TA,BRG0003,6,June,2022-06-06,KLINIK GM,Jakarta,Klinik,AMPICILLIN,MARCKS,17,17000,289000
IN6289,CUST55492,EPM,BRG0003,1,January,2022-01-23,APOTEK TAPAK,Aceh,Apotek,AMPICILLIN,MARCKS,25,17000,425000
IN6290,CUST55592,TA,BRG0003,3,March,2022-03-22,KLINIK GM,Jakarta,Klinik,AMPICILLIN,MARCKS,67,17000,1139000
IN6291,CUST55489,TD,BRG0010,2,February,2022-02-01,KLINIK SAHABAT,Tangerang,Klinik,PARACETAMOL,SLCYL,11,21000,231000
IN6292,CUST55467,TA,BRG0002,1,January,2022-01-28,APOTEK SINAR JAYA,Bekasi,Apotek,ALERGINE TABLET SALUT,ETIKAL,10,112000,1120000
IN6293,CUST55519,TD,BRG0010,2,February,2022-02-01,KLINIK SAHABAT,Tangerang,Klinik,PARACETAMOL,SLCYL,4,21000,84000
IN6294,CUST55711,TA,BRG0002,5,May,2022-05-03,APOTEK MAJA,Kuningan,Apotek,ALERGINE TABLET SALUT,ETIKAL,98,112000,10976000
IN6295,CUST55653,TA,BRG0004,5,May,2022-05-22,APOTEK MERDEKA,Bandung,Apotek,TRAMADOL KAPSUL 50 MG,VNS,8,24500,196000
IN6296,CUST55685,TA,BRG0006,6,June,2022-06-09,APOTEK SINAR JAYA,Bekasi,Apotek,KETOCONAZOLE TABLET 200 MG,OGB & PH,12,39000,468000
IN6297,CUST55381,TA,BRG0008,1,January,2022-01-20,APOTEK MAJA,Kuningan,Apotek,TETRACYCLINE KAPSUL 250 MG,MARCKS,30,9800,294000
IN6297,CUST55381,TA,BRG0002,1,January,2022-01-20,APOTEK MAJA,Kuningan,Apotek,ALERGINE TABLET SALUT,ETIKAL,5,112000,560000
IN6297,CUST55381,TA,BRG0005,1,January,2022-01-20,APOTEK MAJA,Kuningan,Apotek,KLORPROMAZINA TABLET SALUT SELAPUT 100 MG,SLCYL,15,47000,705000
IN6297,CUST55381,TA,BRG0007,1,January,2022-01-20,APOTEK MAJA,Kuningan,Apotek,ERGOTAMINE COFFEINE,ETIKAL,12,64700,776400
IN6298,CUST55652,TA,BRG0003,5,May,2022-05-21,KLINIK GM,Jakarta,Klinik,AMPICILLIN,MARCKS,4,17000,68000
IN6299,CUST55514,TD,BRG0005,1,January,2022-01-27,KLINIK DR. ANDRI,Lampung,Klinik,KLORPROMAZINA TABLET SALUT SELAPUT 100 MG,SLCYL,12,47000,564000
IN6300,CUST55507,EPM,BRG0008,2,February,2022-02-01,APOTEK TAPAK,Aceh,Apotek,TETRACYCLINE KAPSUL 250 MG,MARCKS,22,9800,215600
IN6301,CUST55393,EPM,BRG0009,2,February,2022-02-01,APOTEK SAHABAT,Padang,Apotek,AMBROXOL HC,VNS,10,31000,310000
IN6301,CUST55393,EPM,BRG0008,2,February,2022-02-01,APOTEK SAHABAT,Padang,Apotek,TETRACYCLINE KAPSUL 250 MG,MARCKS,24,9800,235200
IN6301,CUST55393,EPM,BRG0006,2,February,2022-02-01,APOTEK SAHABAT,Padang,Apotek,KETOCONAZOLE TABLET 200 MG,OGB & PH,12,39000,468000
IN6301,CUST55393,EPM,BRG0004,2,February,2022-02-01,APOTEK SAHABAT,Padang,Apotek,TRAMADOL KAPSUL 50 MG,VNS,12,24500,294000
IN6302,CUST55565,TA,BRG0006,2,February,2022-02-23,APOTEK SINAR JAYA,Bekasi,Apotek,KETOCONAZOLE TABLET 200 MG,OGB & PH,120,39000,4680000
IN6303,CUST55539,TA,BRG0010,1,January,2022-01-28,KLINIK GM,Jakarta,Klinik,PARACETAMOL,SLCYL,95,21000,1995000
IN6304,CUST55728,TA,BRG0009,4,April,2022-04-30,APOTEK MERDEKA,Bandung,Apotek,AMBROXOL HC,VNS,44,31000,1364000
IN6305,CUST55493,TA,BRG0004,1,January,2022-01-30,APOTEK MAJA,Kuningan,Apotek,TRAMADOL KAPSUL 50 MG,VNS,14,24500,343000
IN6306,CUST55430,TA,BRG0001,1,January,2022-01-27,APOTEK SINAR JAYA,Bekasi,Apotek,ACYCLOVIR DUS,OGB & PH,45,96000,4320000
IN6306,CUST55430,TA,BRG0005,1,January,2022-01-27,APOTEK SINAR JAYA,Bekasi,Apotek,KLORPROMAZINA TABLET SALUT SELAPUT 100 MG,SLCYL,34,47000,1598000
IN6306,CUST55430,TA,BRG0004,1,January,2022-01-27,APOTEK SINAR JAYA,Bekasi,Apotek,TRAMADOL KAPSUL 50 MG,VNS,45,24500,1102500
IN6307,CUST55396,TA,BRG0001,1,January,2022-01-23,APOTEK MAJA,Kuningan,Apotek,ACYCLOVIR DUS,OGB & PH,4,96000,384000
IN6307,CUST55396,TA,BRG0006,1,January,2022-01-23,APOTEK MAJA,Kuningan,Apotek,KETOCONAZOLE TABLET 200 MG,OGB & PH,15,39000,585000
IN6307,CUST55396,TA,BRG0003,1,January,2022-01-23,APOTEK MAJA,Kuningan,Apotek,AMPICILLIN,MARCKS,24,17000,408000
IN6307,CUST55396,TA,BRG0002,1,January,2022-01-23,APOTEK MAJA,Kuningan,Apotek,ALERGINE TABLET SALUT,ETIKAL,4,112000,448000
IN6307,CUST55396,TA,BRG0005,1,January,2022-01-23,APOTEK MAJA,Kuningan,Apotek,KLORPROMAZINA TABLET SALUT SELAPUT 100 MG,SLCYL,14,47000,658000
IN6307,CUST55396,TA,BRG0004,1,January,2022-01-23,APOTEK MAJA,Kuningan,Apotek,TRAMADOL KAPSUL 50 MG,VNS,12,24500,294000
IN6307,CUST55396,TA,BRG0007,1,January,2022-01-23,APOTEK MAJA,Kuningan,Apotek,ERGOTAMINE COFFEINE,ETIKAL,22,64700,1423400
IN6307,CUST55396,TA,BRG0007,1,January,2022-01-23,APOTEK MAJA,Kuningan,Apotek,ERGOTAMINE COFFEINE,ETIKAL,14,64700,905800
IN6308,CUST55397,TA,BRG0001,1,January,2022-01-23,KLINIK GM,Jakarta,Klinik,ACYCLOVIR DUS,OGB & PH,8,96000,768000
IN6308,CUST55397,TA,BRG0006,1,January,2022-01-23,KLINIK GM,Jakarta,Klinik,KETOCONAZOLE TABLET 200 MG,OGB & PH,10,39000,390000
IN6308,CUST55516,TA,BRG0007,1,January,2022-01-23,APOTEK MAJA,Kuningan,Apotek,ERGOTAMINE COFFEINE,ETIKAL,67,64700,4334900
IN6309,CUST55627,EPM,BRG0008,4,April,2022-04-26,APOTEK TAPAK,Aceh,Apotek,TETRACYCLINE KAPSUL 250 MG,MARCKS,45,9800,441000
IN6310,CUST55693,EPM,BRG0004,4,April,2022-04-30,APOTEK SAHABAT,Padang,Apotek,TRAMADOL KAPSUL 50 MG,VNS,14,24500,343000
IN6311,CUST55426,TA,BRG0007,1,January,2022-01-23,APOTEK MAJA,Kuningan,Apotek,ERGOTAMINE COFFEINE,ETIKAL,7,64700,452900
IN6312,CUST55725,EPM,BRG0006,5,May,2022-05-02,APOTEK TAPAK,Aceh,Apotek,KETOCONAZOLE TABLET 200 MG,OGB & PH,34,39000,1326000
IN6313,CUST55660,TA,BRG0001,4,April,2022-04-20,APOTEK MERDEKA,Bandung,Apotek,ACYCLOVIR DUS,OGB & PH,24,96000,2304000
IN6314,CUST55527,TA,BRG0002,1,January,2022-01-28,APOTEK SINAR JAYA,Bekasi,Apotek,ALERGINE TABLET SALUT,ETIKAL,45,112000,5040000
IN6315,CUST55643,TA,BRG0004,4,April,2022-04-21,APOTEK MAJA,Kuningan,Apotek,TRAMADOL KAPSUL 50 MG,VNS,14,24500,343000
IN6316,CUST55662,TA,BRG0003,4,April,2022-04-19,APOTEK SINAR JAYA,Bekasi,Apotek,AMPICILLIN,MARCKS,120,17000,2040000
IN6317,CUST55522,EPM,BRG0003,1,January,2022-01-23,APOTEK TAPAK,Aceh,Apotek,AMPICILLIN,MARCKS,10,17000,170000
IN6318,CUST55462,EPM,BRG0003,1,January,2022-01-23,APOTEK TAPAK,Aceh,Apotek,AMPICILLIN,MARCKS,22,17000,374000
IN6319,CUST55553,TA,BRG0004,2,February,2022-02-11,APOTEK MAJA,Kuningan,Apotek,TRAMADOL KAPSUL 50 MG,VNS,98,24500,2401000
IN6320,CUST55495,TA,BRG0006,2,February,2022-02-01,APOTEK MERDEKA,Bandung,Apotek,KETOCONAZOLE TABLET 200 MG,OGB & PH,67,39000,2613000
IN6321,CUST55410,EPM,BRG0001,1,January,2022-01-31,APOTEK TAPAK,Aceh,Apotek,ACYCLOVIR DUS,OGB & PH,22,96000,2112000
IN6322,CUST55488,TA,BRG0009,1,January,2022-01-31,APOTEK MERDEKA,Bandung,Apotek,AMBROXOL HC,VNS,17,31000,527000
IN6323,CUST55439,TD,BRG0004,1,January,2022-01-30,KLINIK DR. ANDRI,Lampung,Klinik,TRAMADOL KAPSUL 50 MG,VNS,6,24500,147000
IN6324,CUST55686,EPM,BRG0007,6,June,2022-06-10,APOTEK SAHABAT,Padang,Apotek,ERGOTAMINE COFFEINE,ETIKAL,25,64700,1617500
IN6325,CUST55521,EPM,BRG0002,1,January,2022-01-28,APOTEK SAHABAT,Padang,Apotek,ALERGINE TABLET SALUT,ETIKAL,9,112000,1008000
IN6326,CUST55458,TA,BRG0009,1,January,2022-01-31,APOTEK MERDEKA,Bandung,Apotek,AMBROXOL HC,VNS,4,31000,124000
IN6327,CUST55448,TA,BRG0009,1,January,2022-01-27,APOTEK MAJA,Kuningan,Apotek,AMBROXOL HC,VNS,25,31000,775000